﻿<?xml version="1.0" encoding="utf-8"?>
<DatabaseNET>
  <mru type="SQLite" value="D:\User\Vicente\Escuela\Sexto semetre\Repositorios\SextoSemetre\Formularios\Quejas.db" v="2" l="0" e="" a="0" d="01/06/2021" b="" z="TABLES (1)\Quejas\COLUMNS (5)|2|">
  </mru>
  <License LicenseCode="" />
  <Settings ResultsFont="Segoe UI" ResultsFontSize="9" DefaultFont="Segoe UI" DefaultFontSize="9" Language="english.xml" CheckDate="1" CheckedVersion="32.5.7818.2" ExecCount="6" LastAccessed="1" Maximize="False" Left="133" Top="0" Width="1100" Height="728" TabsMode="False" pnlControlLeftWidth="280" ToolStrip1Left="3" ToolStrip1Top="0" ToolStrip2Left="221" ToolStrip2Top="0" ToolStrip3Left="771" ToolStrip3Top="0" ToolStrip4Left="946" ToolStrip4Top="0">
    <Additional2FB DatabaseEngine="Default">
    </Additional2FB>
    <Additional2OLEDB>
    </Additional2OLEDB>
    <Additional2SQLCE>
    </Additional2SQLCE>
    <Additional2SQLITE>
    </Additional2SQLITE>
    <Additional2VISTADB>
    </Additional2VISTADB>
  </Settings>
</DatabaseNET>